Workbook

Sheet Tabla de Mortalidad Mujeres
A1: Tabla de Mortalidad mujeres
A3: x | B3: n | C3: nMx | D3: nDx | E3: nmx | F3: nax | G3: nqx | H3: npx | I3: lx | J3: ndx | K3: nLx | L3: Tx | M3: ex
A4: 0 | B4: 1 | C4: =D4/Mujeres!A3 -> 41159.243 | D4: 39014
A5: 1 | B5: 4 | C5: =D5/Mujeres!A4 -> 200150.36 | D5: 5150
A6: 5 | B6: 5 | C6: =D6/Mujeres!A5 -> 281464.22 | D6: 2697
A7: 10 | B7: 5 | C7: =D7/Mujeres!A6 -> 302383.63 | D7: 2946
A8: 15 | B8: 5 | C8: =D8/Mujeres!A7 -> 322888.03 | D8: 5659
A9: 20 | B9: 5 | C9: =D9/Mujeres!A8 -> 358243.19 | D9: 7332
A10: 25 | B10: 5 | C10: =D10/Mujeres!A9 -> 380688.28 | D10: 8554
A11: 30 | B11: 5 | C11: =D11/Mujeres!A10 -> 380119.35 | D11: 10557
A12: 35 | B12: 5 | C12: =D12/Mujeres!A11 -> 367296.38 | D12: 14259
A13: 40 | B13: 5 | C13: =D13/Mujeres!A12 -> 352496.57 | D13: 19836
A14: 45 | B14: 5 | C14: =D14/Mujeres!A13 -> 351613.3 | D14: 29202
A15: 50 | B15: 5 | C15: =D15/Mujeres!A14 -> 333069.24 | D15: 40024
... A21: 80 | B21: 5 | C21: =D21/Mujeres!A20 -> 70046.554 | D21: 115310
A22: 85 | C22: =D22/Mujeres!A21 -> 67061.372 | D22: 226406

Sheet Tabla de Mortalidad Hombres 
A1: Tabla de Mortalidad Hombres
A3: x | B3: n | C3: nMx | D3: nDx | E3: nmx | F3: nax | G3: nqx | H3: npx | I3: lx | J3: ndx | K3: nLx | L3: Tx | M3: ex
A4: 0 | B4: 1 | C4: =D4/Hombres!A3 -> 42317.938 | D4: 50449
A5: 1 | B5: 4 | C5: =D5/Hombres!A4 -> 205156.4 | D5: 6196
A6: 5 | B6: 5 | C6: =D6/Hombres!A5 -> 290343.93 | D6: 3234
A7: 10 | B7: 5 | C7: =D7/Hombres!A6 -> 311772.05 | D7: 3988
A8: 15 | B8: 5 | C8: =D8/Hombres!A7 -> 334250.92 | D8: 12474
A9: 20 | B9: 5 | C9: =D9/Hombres!A8 -> 360980.01 | D9: 21116
A10: 25 | B10: 5 | C10: =D10/Hombres!A9 -> 371670.94 | D10: 25764
A11: 30 | B11: 5 | C11: =D11/Hombres!A10 -> 362367.95 | D11: 30175
A12: 35 | B12: 5 | C12: =D12/Hombres!A11 -> 341569.03 | D12: 35522
A13: 40 | B13: 5 | C13: =D13/Hombres!A12 -> 316510.49 | D13: 41456
A14: 45 | B14: 5 | C14: =D14/Hombres!A13 -> 310092.39 | D14: 51386
A15: 50 | B15: 5 | C15: =D15/Hombres!A14 -> 282672.16 | D15: 62275
... A21: 80 | B21: 5 | C21: =D21/Hombres!A20 -> 45013.495 | D21: 91138
A22: 85 | C22: =D22/Hombres!A21 -> 35718.74 | D22: 128221

Sheet Mujeres
A2: nMx
A3: 0.94787944
A4: 0.025730655
A5: 0.009582035
A6: 0.0097425909
A7: 0.0175262
A8: 0.020466544
A9: 0.022469827
A10: 0.027772856
A11: 0.03882151
A12: 0.056272889
A13: 0.083051466
A14: 0.12016721
... A21: 3.3761015

Sheet Hombres
A2: nMx
A3: 1.1921422
A4: 0.030201349
A5: 0.011138514
A6: 0.012791397
A7: 0.037319269
A8: 0.058496313
A9: 0.069319383
A10: 0.083271712
A11: 0.10399655
A12: 0.13097828
A13: 0.1657119
A14: 0.22030822
... A21: 3.5897403
